hat_sales,employees_scheduled,temperature,total_num_tourists,total_num_vehicles,probability_of_rain,location
11.0,104.0,104.26268756078606,11.0,8.0,0.032984979573989104,pool
30.0,104.0,78.23668643218656,30.0,12.0,0.3493142490959891,lobby
34.0,117.0,86.72589662909617,16.0,6.0,0.8538893743770188,game_room
52.0,102.0,67.6429048750353,36.0,16.0,0.3010461094171611,pool
117.0,103.0,58.591094542195734,42.0,22.0,0.6828130002878192,game_room
57.0,116.0,79.08409356488072,15.0,6.0,0.5099148556290494,game_room
43.0,110.0,79.24202655551834,25.0,17.0,0.21128449332053062,pool
72.0,112.0,75.62154702333129,33.0,17.0,0.5482215321960511,pool
25.0,112.0,80.20427548526679,19.0,8.0,0.45413743544676405,game_room
178.0,105.0,62.755658305936265,32.0,16.0,0.3596471753321257,pool
409.0,101.0,58.3366300086488,43.0,19.0,0.7359900775651724,pool
224.0,116.0,58.97629190148923,39.0,16.0,0.5970681783936653,game_room
35.0,118.0,70.8359982377489,33.0,14.0,0.5604846794327485,lobby
26.0,110.0,74.74406611417888,17.0,6.0,0.38158708985282325,pool
49.0,112.0,71.92756472829089,23.0,15.0,0.6342661814909145,lobby
53.0,104.0,70.09655339501148,28.0,12.0,0.3144955768846684,lobby
73.0,117.0,63.65444246810898,28.0,11.0,0.8031403058935569,lobby
35.0,118.0,84.58863998896022,32.0,18.0,0.4044308048214517,lobby
104.0,117.0,69.4701434879245,39.0,18.0,0.3752245142154987,game_room
144.0,111.0,66.86938484287464,39.0,19.0,0.3613838450705555,pool
13.0,104.0,93.14058097042958,16.0,12.0,0.6293583072621136,pool
35.0,109.0,84.45076705189182,22.0,8.0,0.23774713497559524,pool
86.0,115.0,73.48059838764189,28.0,17.0,0.782509488999416,lobby
364.0,120.0,54.37602236390938,37.0,19.0,0.7173876989414676,lobby
15.0,109.0,98.03580870529589,11.0,7.0,0.6082820916991203,pool
40.0,116.0,80.3108990032024,22.0,9.0,0.8296456815157773,lobby
255.0,119.0,61.82831114182751,37.0,20.0,0.8375713496845278,game_room
55.0,115.0,68.51262978338617,26.0,12.0,0.8323329558784831,game_room
37.0,116.0,72.10701404743605,29.0,13.0,0.7072678898509777,game_room
201.0,116.0,65.34343312160226,30.0,14.0,0.7040411160364763,lobby
18.0,111.0,85.03229218730549,20.0,10.0,0.28324659088776666,pool
74.0,113.0,63.53492158233985,42.0,19.0,0.4185222879340758,game_room
140.0,104.0,66.55005136374166,40.0,15.0,0.7409964089977605,lobby
91.0,115.0,72.29303545723329,30.0,14.0,0.8038752468577954,lobby
12.0,103.0,101.6620248427156,4.0,7.0,0.04149686536549824,game_room
53.0,108.0,83.7865428991789,31.0,570.0,0.6874713410346718,pool
92.0,102.0,70.92981992469001,30.0,18.0,0.3178873753452826,lobby
93.0,110.0,69.95705394566005,32.0,13.0,0.6765274278386011,pool
262.0,117.0,60.946754775847005,46.0,22.0,0.8862605355382209,lobby
32.0,107.0,88.7263958281513,15.0,10.0,0.824673970735051,game_room
77.0,101.0,71.30751271508456,21.0,12.0,0.572556580384695,game_room
64.0,114.0,79.57991348563709,26.0,9.0,0.5700418833561334,lobby
134.0,104.0,65.52913152265174,32.0,12.0,0.6532159823194863,pool
30.0,117.0,79.78035100250773,35.0,22.0,0.6008051322570178,lobby
12.0,116.0,95.5529280626778,18.0,15.0,0.13192232632773693,pool
10.0,112.0,123.49732059736033,4.0,10.0,0.49677942810669123,lobby
41.0,117.0,81.07760699193938,27.0,12.0,0.4086677974968658,game_room
16.0,114.0,87.94133905120145,14.0,14.0,0.6597982264965352,game_room
89.0,102.0,65.76749810505723,38.0,20.0,0.4037293278926754,lobby
59.0,115.0,76.91355442165087,25.0,15.0,0.7295867627817656,pool
76.0,113.0,58.878698573310466,33.0,19.0,0.4024260373481238,game_room
18.0,115.0,93.0515551663478,19.0,8.0,0.5512438551189927,lobby
23.0,114.0,76.02010808155232,29.0,10.0,0.4928289222854864,game_room
35.0,112.0,78.3286834688191,29.0,19.0,0.589638138503281,pool
97.0,107.0,70.25616730387658,26.0,14.0,0.8561763367936399,game_room
17.0,114.0,86.90697092432607,24.0,16.0,0.7038208302194597,lobby
62.0,112.0,81.19401085984279,22.0,360.0,0.8543587766914822,lobby
40.0,104.0,71.6320071526923,33.0,15.0,0.4036901352686229,game_room
61.0,106.0,67.9693723052342,26.0,14.0,0.6483962985807277,lobby
38.0,104.0,73.70516134870047,35.0,20.0,0.6734063594411317,game_room
13.0,111.0,104.29924872219343,7.0,3.0,0.5666111631740101,pool
158.0,116.0,65.47566946751522,38.0,19.0,0.8800513866375419,game_room
16.0,117.0,89.12979005092419,16.0,12.0,0.5956709917515008,pool
39.0,107.0,73.33496006534071,26.0,390.0,0.21629401229688444,pool
189.0,108.0,62.74045631021134,40.0,16.0,0.6523713316948008,game_room
23.0,103.0,82.46903296091212,22.0,10.0,0.5339578285886892,pool
13.0,113.0,95.80272129778787,8.0,9.0,0.37408603564500315,pool
221.0,105.0,61.4609793523069,38.0,21.0,0.8224709027366623,lobby
39.0,120.0,80.33277053373456,22.0,16.0,0.6639494203931806,game_room
22.0,106.0,78.78849433760728,28.0,12.0,0.3932144435165305,lobby
33.0,109.0,72.70309822404114,31.0,12.0,0.680133271989968,pool
163.0,107.0,64.91887098154908,41.0,15.0,0.8207694134812833,pool
133.0,101.0,60.965159701307016,49.0,18.0,0.34508459773101713,lobby
32.0,113.0,83.26641710257078,18.0,14.0,0.5180692180838296,game_room
49.0,100.0,68.80351816601643,34.0,14.0,0.707781656699862,lobby
218.0,117.0,60.96405910265829,40.0,15.0,0.321423278790478,game_room
30.0,120.0,75.52369444034606,16.0,7.0,0.8071610661548794,lobby
23.0,113.0,81.30264808062711,24.0,8.0,0.1823128975425748,pool
47.0,117.0,71.91867454989082,36.0,22.0,0.7260536822117234,game_room
56.0,105.0,76.65402834522396,26.0,13.0,0.8737304669340147,lobby
19.0,115.0,81.09518775745767,29.0,10.0,0.5153386885322506,lobby
26.0,104.0,90.059257342194,26.0,13.0,0.34452653232112534,game_room
186.0,115.0,64.22520568368111,39.0,14.0,0.46919640225857023,pool
20.0,108.0,82.98585320416093,26.0,12.0,0.6421671709401102,game_room
51.0,116.0,67.74136028281757,33.0,15.0,0.46302867104258255,pool
58.0,100.0,75.72847160876789,18.0,11.0,0.8328513535005659,pool
50.0,116.0,79.86849364647517,16.0,14.0,0.25446458147890555,pool
109.0,112.0,71.14071935879521,38.0,15.0,0.684188175946731,game_room
232.0,105.0,61.13729914960685,41.0,18.0,0.7994937212623014,lobby
22.0,110.0,79.88230487855793,24.0,10.0,0.14746816804944057,pool
43.0,111.0,81.16383655986274,-16.0,7.0,0.777281077061895,lobby
45.0,101.0,83.14919697606281,32.0,15.0,0.2973370250706258,pool
139.0,115.0,64.42936151058703,23.0,13.0,0.6475662592088955,game_room
54.0,101.0,78.39090219513582,24.0,10.0,0.34258804012277627,pool
48.0,118.0,71.87287972656975,30.0,13.0,0.5725778522848426,pool
32.0,103.0,72.24306605830978,36.0,15.0,0.7539646053372089,game_room
77.0,116.0,66.53581426718621,39.0,18.0,0.6603168243345401,pool
48.0,105.0,67.66524931300839,36.0,15.0,0.5947034231125439,lobby
57.0,120.0,74.59615855693681,32.0,20.0,0.4722725058055775,lobby
141.0,119.0,68.44874509835577,31.0,17.0,0.41050384230302445,game_room
44.0,116.0,80.85315203268792,26.0,15.0,0.8123903715092058,game_room
76.0,113.0,62.41927691728354,49.0,18.0,0.8986767941037925,game_room
21.0,111.0,79.56302710856872,29.0,15.0,0.6979756247822146,lobby
69.0,105.0,73.84885623383809,26.0,17.0,0.8411967780218956,game_room
68.0,116.0,65.48554265333973,27.0,9.0,0.807192003393812,lobby
202.0,118.0,67.1128444172258,47.0,18.0,0.4803257376663402,game_room
162.0,106.0,65.84548075526871,49.0,18.0,0.9019931479597272,game_room
23.0,111.0,80.00275915872223,33.0,15.0,0.5661739229816427,pool
76.0,116.0,75.83742333709269,31.0,12.0,0.864755259477018,lobby
67.0,105.0,67.60650038218601,43.0,18.0,0.6559509474297904,lobby
95.0,108.0,70.91881798884631,-28.0,12.0,0.345998668744569,lobby
23.0,106.0,92.0116101192525,21.0,15.0,0.6021388032660904,game_room
113.0,109.0,63.11883547402181,42.0,22.0,0.37482133285574354,game_room
21.0,118.0,82.28187596080363,30.0,17.0,0.5917685282435301,game_room
95.0,115.0,61.77233039625944,29.0,11.0,0.5633767438172204,lobby
57.0,115.0,64.49012000261412,25.0,10.0,0.703950896171504,game_room
89.0,110.0,65.45651729707618,43.0,21.0,0.567177237768149,lobby
69.0,117.0,65.93443607502114,25.0,12.0,0.46207084275854,lobby
78.0,112.0,67.68125462828874,19.0,14.0,0.6327876563250443,game_room
77.0,115.0,70.10940651717308,28.0,13.0,0.5411495748383515,game_room
43.0,105.0,72.37988292155707,28.0,9.0,0.6255159150376532,lobby
24.0,109.0,90.97182765203269,15.0,330.0,0.5128160259453749,pool
15.0,104.0,91.18712527911518,20.0,14.0,0.09749143231376683,pool
30.0,111.0,79.51173356866691,22.0,16.0,0.24993950689882966,pool
56.0,108.0,78.94535098966654,32.0,13.0,0.42680184386054204,game_room
52.0,112.0,77.1615658320757,25.0,12.0,0.27997377702681,pool
124.0,107.0,69.54732989429847,29.0,16.0,0.7620691699826943,lobby
42.0,109.0,74.26900573821312,28.0,10.0,0.6431824170368825,lobby
58.0,112.0,79.40573263995245,33.0,18.0,0.31588516490935964,pool
93.0,118.0,72.82639412976238,34.0,21.0,0.6654821388453556,lobby
49.0,113.0,79.89000649723825,24.0,11.0,0.5341832772049859,pool
67.0,102.0,75.09207052385452,25.0,10.0,0.7344849212579674,game_room
48.0,115.0,78.42199406112317,27.0,12.0,0.5575680705125752,pool
17.0,102.0,88.80670576377585,25.0,12.0,0.5924962812161885,lobby
30.0,112.0,87.07461317575343,15.0,5.0,0.7051692467344632,game_room
294.0,110.0,59.78116480571334,32.0,12.0,0.6928448316201032,lobby
64.0,119.0,67.43136436639759,28.0,18.0,0.8397855536070575,pool
18.0,111.0,95.20151965685592,21.0,9.0,0.3154658512092346,pool
113.0,111.0,70.31023697552374,36.0,21.0,0.9370306502511794,lobby
14.0,120.0,88.54045287298874,24.0,15.0,0.6515495773827118,lobby
20.0,114.0,93.71215531973021,29.0,17.0,0.6432910997234644,pool
34.0,117.0,82.57528937136802,26.0,13.0,0.5195402056612242,game_room
110.0,114.0,70.4658446865331,26.0,11.0,0.7189936876731011,lobby
14.0,120.0,91.49560348572132,15.0,7.0,0.13213433916168882,pool
17.0,117.0,87.41999033649554,18.0,13.0,0.5689125517825668,game_room
29.0,113.0,89.98263255427415,15.0,8.0,0.5452013723482607,game_room
12.0,114.0,98.83641662045132,10.0,8.0,0.07752678676422597,pool
52.0,114.0,69.19250211841741,40.0,21.0,0.22662812485738176,pool
86.0,114.0,66.45726070850344,36.0,22.0,0.6442910908385433,game_room
65.0,109.0,66.04996804687303,28.0,14.0,0.761233435852732,game_room
34.0,109.0,73.51296212470517,32.0,16.0,0.7347831766859856,lobby
114.0,102.0,69.61599066864079,33.0,18.0,0.30916917261330507,pool
13.0,107.0,93.36865552653256,13.0,9.0,0.42918455063613586,pool
15.0,116.0,90.39057298357285,22.0,8.0,0.4892734232142332,game_room
78.0,103.0,73.40947973607253,41.0,20.0,0.5407201482760609,game_room
62.0,118.0,73.24461471343213,34.0,20.0,0.3847712903002521,game_room
12.0,119.0,106.39126366666044,6.0,150.0,0.4466439055138935,lobby
155.0,102.0,63.54224349048598,35.0,19.0,0.8268179045391979,lobby
29.0,101.0,76.68353606442795,-31.0,14.0,0.7985877507178611,lobby
84.0,115.0,64.77073305225646,36.0,17.0,0.6349988862062022,game_room
127.0,111.0,72.84991422917811,29.0,17.0,0.5060366995692134,pool
12.0,115.0,100.99791392317155,10.0,5.0,0.38802434546394377,pool
20.0,110.0,87.60421773449785,18.0,7.0,0.345462786742805,lobby
31.0,112.0,72.83532295344466,24.0,8.0,0.5244927025060593,pool
16.0,117.0,88.7935436846463,20.0,16.0,0.20060762232109358,pool
144.0,102.0,63.33820614685142,43.0,18.0,0.49911983165734525,lobby
25.0,118.0,79.96365549576528,37.0,21.0,0.21881013376337383,game_room
118.0,118.0,60.73631832183973,45.0,15.0,0.9383563805220512,game_room
38.0,118.0,74.62662914833618,28.0,14.0,0.7440026913232134,pool
23.0,109.0,90.7993841854358,14.0,6.0,0.19305106884193618,pool
190.0,111.0,66.74141005188078,33.0,12.0,0.3521927177325613,pool
81.0,105.0,72.1153349412705,21.0,15.0,0.5498963114119699,pool
19.0,108.0,87.86857256863846,26.0,11.0,0.6195511225868511,game_room
85.0,109.0,74.01150309110882,14.0,14.0,0.3045036164349278,lobby
66.0,100.0,67.57656539562987,38.0,18.0,0.8189531716555416,lobby
11.0,110.0,115.83013278520271,4.0,9.0,0.28100383152059366,pool
38.0,106.0,85.65660605355467,24.0,9.0,0.6405670058239366,lobby
23.0,112.0,89.51498603118927,17.0,15.0,0.7141036965096186,pool
79.0,103.0,74.91117900188252,34.0,15.0,0.9022759941204481,game_room
89.0,111.0,72.44292025018044,27.0,16.0,0.5313405484925178,lobby
100.0,116.0,73.00748434707572,30.0,12.0,0.35417009772769564,pool
64.0,115.0,78.91926853325751,24.0,17.0,0.8840107520286202,pool
103.0,118.0,72.34572539572153,27.0,14.0,0.8298499482733417,game_room
49.0,111.0,69.35073080964972,31.0,16.0,0.7545745561137043,lobby
189.0,101.0,65.00030377307664,29.0,12.0,0.47775657278804357,pool
30.0,111.0,75.27219602521646,28.0,11.0,0.6452493216649138,lobby
22.0,100.0,83.50722491826633,30.0,11.0,0.45705346106626926,game_room
23.0,117.0,82.98539984113535,-23.0,8.0,0.18833843939099543,pool
23.0,100.0,79.84602202105619,14.0,8.0,0.16570255898234265,pool
18.0,114.0,92.96037092868977,8.0,4.0,0.12435056368591546,pool
42.0,113.0,80.65869316916809,14.0,14.0,0.4220305673045916,pool
25.0,104.0,75.40872482147735,14.0,14.0,0.5179032740737677,pool
26.0,100.0,87.33338476024042,11.0,5.0,0.37764419276496314,lobby
42.0,117.0,71.59475195345945,32.0,20.0,0.4428263787179569,lobby
24.0,115.0,90.42889754914204,15.0,11.0,0.7755838452439718,lobby
82.0,102.0,64.01359391863711,39.0,20.0,0.7970292672309074,pool
30.0,104.0,77.92320236548558,24.0,13.0,0.3194177788879861,pool
107.0,116.0,71.53182253009962,29.0,10.0,0.5989731202432969,lobby
63.0,118.0,73.62330704549962,17.0,9.0,0.7358744309776608,lobby
58.0,113.0,78.30606583989155,23.0,11.0,0.8398226158760034,pool
37.0,101.0,73.12680066332935,17.0,11.0,0.2513329553737936,pool
72.0,108.0,63.4820533117614,27.0,12.0,0.7307285471864851,game_room
44.0,119.0,80.88671135719,24.0,13.0,0.6990096901865919,lobby
13.0,105.0,104.4579297802849,5.0,4.0,0.28160748746195646,pool
16.0,106.0,99.80767551278565,10.0,12.0,0.3518826032618429,game_room
57.0,101.0,78.28396470589917,31.0,11.0,0.7595851743594455,game_room
418.0,115.0,55.69206371695323,43.0,19.0,0.9040512897264603,game_room
148.0,105.0,67.3426118237483,33.0,17.0,0.49542790577908874,pool
85.0,119.0,70.25505208507603,33.0,18.0,0.4486724125649622,pool
123.0,106.0,69.79965959492148,28.0,14.0,0.6077032620581984,lobby
161.0,115.0,54.725549540705046,36.0,12.0,0.35764207601320225,pool
38.0,100.0,81.7766686466164,20.0,8.0,0.805949128034068,game_room
25.0,110.0,85.32509089452658,29.0,10.0,0.35773729207656196,lobby
74.0,114.0,62.912992730833295,32.0,20.0,0.28584250603771283,pool
21.0,117.0,91.69183647258671,19.0,16.0,0.4752644431951116,pool
114.0,106.0,67.63015890696202,39.0,14.0,0.6751149506152556,game_room
19.0,114.0,93.299549292623,22.0,8.0,0.6376210486772418,lobby
13.0,110.0,94.94386151094861,13.0,11.0,0.1649721633148239,pool
271.0,115.0,62.60612847217893,43.0,24.0,0.9906353748804753,game_room
20.0,101.0,84.70820217682541,27.0,18.0,0.6961402100460563,pool
75.0,105.0,62.477972790201314,34.0,13.0,0.3910318906969628,lobby
59.0,115.0,76.23209346092926,24.0,12.0,0.7909193386892952,game_room
89.0,117.0,74.54146655761701,37.0,16.0,0.9015838089564607,lobby
25.0,115.0,89.73838243471343,31.0,18.0,0.4417317481737107,pool
41.0,115.0,82.32509970823372,20.0,7.0,0.4542429629229075,lobby
288.0,105.0,59.760650231784425,40.0,20.0,0.9909297539956754,lobby
122.0,107.0,67.804310376732,20.0,13.0,0.7254636149997766,game_room
54.0,102.0,79.0660642897387,-25.0,14.0,0.25317297409407263,pool
27.0,114.0,74.12139680333047,33.0,21.0,0.7596441571777053,lobby
15.0,105.0,98.85407621376444,0.0,9.0,0.39423985639694287,lobby
185.0,109.0,62.82564781685843,34.0,19.0,0.7513571990282013,lobby
94.0,120.0,69.09169267480408,44.0,20.0,0.35002024754452304,lobby
50.0,111.0,84.30208204519877,35.0,20.0,0.4220132649264697,pool
22.0,107.0,82.34465846562165,30.0,13.0,0.24528502970205884,pool
57.0,102.0,71.91436295088087,45.0,16.0,0.8251747203013793,lobby
25.0,115.0,89.80194712730031,20.0,510.0,0.6107240476148892,pool
84.0,114.0,75.0053631411891,34.0,16.0,0.6929349613995266,lobby
133.0,104.0,59.41274381732664,36.0,19.0,0.8624559926375455,game_room
32.0,102.0,75.57356258522464,26.0,19.0,0.3840388445390493,pool
166.0,115.0,65.8821352099653,30.0,14.0,0.8515039516462823,lobby
143.0,107.0,68.30667813243997,29.0,16.0,0.3066297065712141,game_room
30.0,104.0,76.06491195847454,19.0,12.0,0.29674838007715393,pool
14.0,113.0,95.09621099542647,5.0,5.0,0.5491383878777603,pool
68.0,103.0,69.02619433342622,38.0,14.0,0.43071180006786075,game_room
375.0,106.0,58.90953460766256,33.0,15.0,0.5899230305187075,pool
28.0,100.0,76.15507656764896,20.0,210.0,0.7749342541876529,game_room
97.0,112.0,71.53232602983948,30.0,14.0,0.8178629783572842,game_room
67.0,111.0,66.74844672815775,38.0,17.0,0.9121875089718254,game_room
104.0,113.0,69.49869632169776,32.0,17.0,0.7305773503817166,game_room
28.0,105.0,78.60318128011946,34.0,21.0,0.5417298613214137,game_room
10.0,111.0,122.02240302722667,7.0,8.0,0.3151496051969344,pool
253.0,111.0,63.31340783495054,28.0,15.0,0.39121110724304714,lobby
160.0,118.0,68.1493097180695,30.0,17.0,0.6647436527929647,game_room
18.0,117.0,86.1545675744957,33.0,12.0,0.307662735871479,pool
16.0,101.0,89.61464260622091,15.0,8.0,0.6053176034592851,game_room
18.0,120.0,93.40224923167301,17.0,14.0,0.1382097571367678,pool
74.0,114.0,65.78882713302002,25.0,14.0,0.5063100860264247,lobby
33.0,111.0,82.86467627319081,22.0,12.0,0.7153709693861625,game_room
19.0,116.0,86.0687366040044,22.0,8.0,0.36622351050809715,lobby
39.0,113.0,73.71163914668824,-35.0,16.0,0.26913516367021445,pool
326.0,107.0,57.440699473039594,38.0,13.0,0.6207703869968495,game_room
14.0,109.0,100.64599194093907,6.0,6.0,0.36871730052982027,game_room
48.0,100.0,70.99430028011187,39.0,18.0,0.6690786890008578,pool
92.0,109.0,63.836327172041344,29.0,12.0,0.5139858969938997,pool
261.0,112.0,60.10513907387554,36.0,13.0,0.8056274105366164,lobby
65.0,102.0,66.02379159597811,34.0,12.0,0.5491946273535582,pool
11.0,113.0,101.54035469500005,4.0,9.0,0.4343361704363459,lobby
189.0,110.0,60.98110481447132,40.0,19.0,0.710626127449647,lobby
70.0,112.0,63.53845357750318,25.0,15.0,0.8641561078577689,game_room
83.0,103.0,72.00788207757088,27.0,16.0,0.5331735920239369,lobby
75.0,112.0,65.66678722441236,40.0,15.0,0.8697832930044243,lobby
49.0,115.0,80.11180645132296,25.0,14.0,0.6721442770643642,game_room
69.0,113.0,76.82814028018957,26.0,9.0,0.46841699722088975,pool
26.0,115.0,82.51724327278383,12.0,9.0,0.7532935119158326,game_room
41.0,116.0,72.50250925396523,27.0,14.0,0.5596072073638547,lobby
14.0,104.0,89.7332933521285,8.0,9.0,0.5394424355504939,pool
48.0,119.0,70.79646379855464,38.0,21.0,0.3831794578221031,pool
140.0,106.0,56.57195100883078,26.0,15.0,0.3114720791529833,pool
10.0,103.0,117.49699571332599,1.0,6.0,0.6073037391042104,pool
273.0,103.0,60.26517154029061,37.0,18.0,0.4662129092794571,lobby
42.0,116.0,78.1111533055873,27.0,15.0,0.58829671436751,pool
15.0,116.0,93.35166312682321,23.0,16.0,0.37262412797248085,game_room
35.0,116.0,74.89420736949992,36.0,21.0,0.3653293021795641,game_room
64.0,109.0,73.53519464067126,25.0,11.0,0.3175322352489352,lobby
71.0,117.0,63.793646199049306,34.0,18.0,0.3320074651598593,game_room
62.0,104.0,65.33645344397743,42.0,20.0,0.8942601525846086,lobby
21.0,113.0,80.7795340062748,32.0,13.0,0.5944380605748345,pool
15.0,100.0,99.23905534532948,15.0,8.0,0.6942500960345876,pool
26.0,106.0,90.65184654307129,19.0,10.0,0.5858805101743627,lobby
19.0,108.0,87.00195810523897,22.0,10.0,0.33025944691152315,lobby
27.0,109.0,78.01728022476672,32.0,18.0,0.7067241406048093,game_room
186.0,104.0,65.69185953896772,38.0,14.0,0.41818904654078265,game_room
33.0,112.0,74.64533467635349,18.0,9.0,0.6324816285138615,lobby
140.0,115.0,55.092999514050966,41.0,20.0,0.4709601463825864,pool
42.0,116.0,71.35430773354938,28.0,12.0,0.7286787586848122,pool
29.0,114.0,81.70137907744481,18.0,15.0,0.38211136987488453,lobby
195.0,116.0,64.91121516769653,34.0,14.0,0.6802482831165853,game_room
87.0,118.0,61.38201102135749,-38.0,22.0,0.7565481791427378,game_room
17.0,117.0,98.99271732145084,25.0,13.0,0.3562268702639288,lobby
63.0,105.0,73.86458190098114,37.0,18.0,0.7745542658326525,game_room
32.0,118.0,73.8628915266126,34.0,15.0,0.2413740474781037,pool
42.0,114.0,81.77389834035533,31.0,11.0,0.6820017953486945,game_room
137.0,103.0,66.33940011417636,38.0,22.0,0.7158555234194064,game_room
69.0,110.0,66.79921941198708,33.0,18.0,0.3144025866007594,lobby
17.0,117.0,99.41780446693969,10.0,5.0,0.3498183420911037,pool
48.0,105.0,70.20021121855959,31.0,13.0,0.6638930350228216,game_room
17.0,116.0,98.00836638273951,13.0,5.0,0.16395764006079244,pool
132.0,111.0,66.05652737147079,36.0,13.0,0.6069793640675443,lobby
10.0,108.0,118.56233184788856,0.0,1.0,0.04037564222944123,pool
46.0,114.0,68.92220977983607,21.0,14.0,0.47776061833961386,pool
97.0,115.0,60.37939285642334,45.0,16.0,0.5133737894654105,game_room
118.0,105.0,70.12277590406484,31.0,14.0,0.880691702168187,pool
163.0,110.0,62.62952040307189,33.0,13.0,0.5554018369182312,game_room
53.0,104.0,81.52166609122685,24.0,10.0,0.6519664309750526,game_room
115.0,114.0,66.94144481606646,33.0,19.0,0.7514938617546625,lobby
14.0,102.0,101.68532458409824,10.0,13.0,0.3241889775019869,lobby
19.0,108.0,86.47062781994384,21.0,10.0,0.37489230846354055,pool
77.0,118.0,65.45020399289433,33.0,17.0,0.6602659366919346,lobby
198.0,109.0,62.35602853522594,41.0,22.0,0.7463108460047501,lobby
48.0,101.0,65.88722962328063,44.0,16.0,0.7665719363122065,lobby
25.0,117.0,77.13260038795735,24.0,18.0,0.6459124116436827,lobby
188.0,100.0,65.50401916728245,38.0,17.0,0.7016639415868413,lobby
77.0,112.0,74.86092746615861,32.0,15.0,0.5923219237140467,lobby
104.0,100.0,69.80429838387332,35.0,14.0,0.6505769430213582,game_room
40.0,100.0,73.93667666657203,33.0,16.0,0.3911856049952847,pool
116.0,117.0,68.92056831483723,28.0,19.0,0.7670072692564893,lobby
50.0,110.0,68.81142155649341,25.0,12.0,0.542998765066887,game_room
44.0,115.0,81.17702424128137,30.0,16.0,0.3603792090822568,pool
45.0,109.0,81.07741652147013,25.0,13.0,0.3317817031287618,lobby
23.0,102.0,82.76286303456709,19.0,7.0,0.8184720658342459,lobby
30.0,101.0,77.35142282936917,26.0,13.0,0.58821673051205,lobby
77.0,113.0,64.61164974284793,39.0,18.0,0.6347262286128164,game_room
14.0,108.0,93.02302502274871,14.0,13.0,0.3916778332903276,game_room
59.0,113.0,66.97687565184849,30.0,20.0,0.4095117740082332,pool
76.0,114.0,74.10966010769783,23.0,14.0,0.558924509468097,game_room
118.0,108.0,69.54347289049048,27.0,17.0,0.4260013185906441,lobby
46.0,117.0,83.19375800054472,19.0,16.0,0.3158039682503511,lobby
103.0,114.0,72.71540465827039,35.0,19.0,0.873068264035324,game_room
120.0,109.0,69.38211085950863,37.0,17.0,0.9244315237953442,lobby
139.0,108.0,58.11727491794738,28.0,13.0,0.44822650941434933,game_room
145.0,105.0,65.23462138235985,34.0,16.0,0.6178964008063179,lobby
14.0,118.0,92.87443212859182,18.0,15.0,0.10606851462599004,pool
256.0,117.0,62.9436985520192,40.0,16.0,0.3795474194732224,pool
162.0,111.0,66.84546467475757,38.0,630.0,0.42900944947028746,pool
19.0,116.0,83.83926868041996,24.0,9.0,0.2905103015845442,pool
202.0,110.0,63.732409301534375,30.0,14.0,0.7458568835610786,game_room
12.0,108.0,107.6648268387651,6.0,7.0,0.2955194337209928,pool
21.0,116.0,95.48204304548688,14.0,15.0,0.7889910592486802,game_room
88.0,119.0,71.62452993353583,31.0,19.0,0.8176927759634058,lobby
15.0,106.0,97.16110284862985,7.0,7.0,0.2774364164877207,pool
22.0,116.0,88.17367746249312,27.0,16.0,0.4522883742416371,lobby
42.0,108.0,72.40080589549694,25.0,8.0,0.2726324627883638,pool
38.0,108.0,73.77311400829733,30.0,13.0,0.7196065119032642,lobby
24.0,114.0,91.12446067460691,19.0,12.0,0.5709821312841454,lobby
53.0,118.0,65.90581838958592,25.0,18.0,0.5031426210372707,lobby
39.0,101.0,85.55589644543363,24.0,10.0,0.7719565780018964,game_room
132.0,115.0,69.76732575830857,30.0,15.0,0.5679097738714305,lobby
17.0,101.0,99.20238772322826,16.0,12.0,0.19824181192542317,pool
28.0,120.0,78.91788289542177,16.0,15.0,0.5629343253025232,game_room
70.0,118.0,63.04771900430306,32.0,360.0,0.7431398801738218,pool
81.0,105.0,74.5211553656842,32.0,450.0,0.37553131003881196,pool
36.0,116.0,71.72726514204754,28.0,12.0,0.8400112659732972,lobby
24.0,112.0,76.27148572846265,19.0,13.0,0.6560775979582254,lobby
29.0,108.0,78.27892855613086,25.0,11.0,0.48194267276310393,lobby
35.0,113.0,72.6273320485398,33.0,16.0,0.4733499255080817,game_room
65.0,101.0,67.65124403784154,34.0,12.0,0.26325658436555205,pool
20.0,117.0,90.7824713748692,23.0,14.0,0.19300384902841944,pool
160.0,108.0,61.91469744304634,39.0,19.0,0.4901465293367229,lobby
34.0,119.0,73.41554266353373,39.0,21.0,0.38237180821354294,game_room
54.0,101.0,68.18147380192869,19.0,450.0,0.8906202632709763,game_room
71.0,108.0,76.73667559769873,32.0,13.0,0.5115124379154872,pool
12.0,116.0,94.50923292039178,10.0,11.0,0.6869803936183281,game_room
35.0,113.0,78.00328899077482,32.0,14.0,0.44491743845328086,pool
23.0,100.0,88.24957730284389,20.0,14.0,0.6466933303097289,pool
91.0,111.0,57.50347462541882,40.0,14.0,0.8342116140312872,game_room
59.0,108.0,72.88139840707842,39.0,15.0,0.46575876786622067,game_room
20.0,117.0,83.54861900703881,22.0,16.0,0.5139266264307443,game_room
165.0,119.0,56.71774865561177,46.0,25.0,0.9127862965763835,game_room
37.0,109.0,71.70930357328058,25.0,18.0,0.624900468552009,game_room
37.0,117.0,70.03795577970328,37.0,17.0,0.45850523806894844,game_room
141.0,107.0,65.96748261315426,-37.0,16.0,0.554895747046382,pool
47.0,110.0,81.49934325197212,33.0,13.0,0.3735310485658779,pool
42.0,113.0,70.55830614529583,27.0,9.0,0.35602924623535487,pool
31.0,103.0,75.00289108010251,24.0,11.0,0.6180057543745554,pool
62.0,102.0,78.18276659257107,10.0,6.0,0.30051310229445144,pool
15.0,105.0,90.82572300948148,21.0,11.0,0.5023262349556119,pool
50.0,108.0,77.02721725699402,22.0,10.0,0.8624776274784955,lobby
102.0,108.0,60.54917174308979,41.0,18.0,0.6741925440700753,game_room
41.0,104.0,70.84704155052668,46.0,21.0,0.6131754415431088,pool
52.0,105.0,65.4962761346352,-38.0,16.0,0.34970032829387526,pool
42.0,113.0,80.83470892938195,30.0,14.0,0.8657788777230861,game_room
35.0,104.0,76.42504430420803,36.0,12.0,0.5349695626189002,game_room
14.0,118.0,93.42598740378087,11.0,7.0,0.7089382669325048,lobby
56.0,103.0,64.80933948712791,29.0,15.0,0.2489921232400492,lobby
96.0,104.0,72.1723639874428,32.0,13.0,0.48460358988572766,pool
14.0,106.0,91.56890447470599,16.0,11.0,0.5658006946972574,lobby
188.0,105.0,63.24689263747331,35.0,19.0,0.6766169203741228,pool
100.0,114.0,68.03110798879243,25.0,9.0,0.42952023294310676,game_room
231.0,119.0,65.14963977561872,36.0,15.0,0.9386806164796853,lobby
106.0,104.0,73.39009285558558,35.0,18.0,0.5112784667234707,lobby
22.0,107.0,80.91161746981066,4.0,6.0,0.7672469021146937,game_room
29.0,109.0,83.99134001772606,14.0,6.0,0.39014147137827143,game_room
93.0,106.0,61.432462115590056,35.0,21.0,0.7464400035579772,game_room
60.0,112.0,66.86066716096369,32.0,16.0,0.7528081882466666,lobby
30.0,118.0,74.22769216798986,32.0,19.0,0.6087048885187027,pool
37.0,111.0,85.41135667129396,29.0,13.0,0.28513215694182065,pool
121.0,104.0,69.75203478334846,35.0,14.0,0.5743354369113465,pool
209.0,113.0,60.45480472685618,53.0,19.0,0.8447454989576271,game_room
15.0,107.0,89.73619445855107,19.0,9.0,0.41637007702054235,lobby
36.0,101.0,72.58242580740003,31.0,15.0,0.33674672106619236,game_room
57.0,102.0,73.71611945173689,27.0,18.0,0.4269608097593833,pool
40.0,106.0,82.38461777116423,26.0,10.0,0.7931975939338465,lobby
361.0,119.0,56.96174494088095,35.0,18.0,1.0,game_room
49.0,103.0,80.36289696418746,31.0,18.0,0.4013844393703588,lobby
163.0,119.0,68.65843533943924,31.0,16.0,0.6199886814693685,lobby
27.0,118.0,78.51565299655795,35.0,570.0,0.7837635594242811,lobby
40.0,109.0,83.39685513596272,19.0,7.0,0.6534037913157018,game_room
48.0,108.0,65.57674788608452,29.0,10.0,0.4052127870059446,pool
44.0,109.0,71.39192464914846,38.0,21.0,0.468778184862969,pool
23.0,114.0,82.52647709927173,19.0,13.0,0.4025889572458646,lobby
163.0,112.0,66.65575363489306,42.0,17.0,0.6962240065749608,game_room
437.0,108.0,53.7722368267753,57.0,25.0,0.9031822387199899,lobby
24.0,111.0,92.62565089124385,9.0,6.0,0.4403483167842455,lobby
31.0,105.0,76.00204117757512,28.0,12.0,0.7257502386335621,game_room
45.0,116.0,82.2894496668402,26.0,16.0,0.4819884178197485,game_room
43.0,107.0,71.86156279181017,39.0,19.0,0.555304681198675,game_room
43.0,102.0,82.16642712694443,27.0,12.0,0.666778892875644,game_room
78.0,102.0,70.8609607621922,35.0,20.0,0.548547856636473,pool
115.0,106.0,58.46466424113754,37.0,21.0,0.3141461277162752,pool
41.0,117.0,72.5945148203604,38.0,15.0,0.4250548730801587,lobby
31.0,110.0,80.75590343596954,21.0,7.0,0.7882896311717094,lobby
244.0,103.0,62.17672738473949,40.0,21.0,0.570505321436189,pool
28.0,106.0,86.95183264621113,18.0,7.0,0.6592093859906472,lobby
88.0,118.0,72.99675026690139,30.0,10.0,0.3688304752911982,game_room
21.0,110.0,92.62466737381101,10.0,9.0,0.3554723451925435,lobby
18.0,103.0,85.60997251566104,14.0,14.0,0.46112515725636133,pool
13.0,119.0,106.40552489887963,8.0,11.0,0.5613956275091694,lobby
326.0,108.0,55.34808739539358,43.0,24.0,0.6075248833378817,game_room
90.0,108.0,75.34017784822548,32.0,14.0,0.7507474116042181,game_room
13.0,103.0,92.80412537914593,9.0,3.0,0.30687573458178624,pool
16.0,103.0,90.40949654605859,20.0,12.0,0.648495822211693,lobby
78.0,119.0,72.76012096520986,34.0,17.0,0.5083113533720212,lobby
52.0,101.0,78.63114707020367,28.0,16.0,0.5210042480190868,game_room
83.0,102.0,73.08775498837974,44.0,18.0,0.41008332084938764,game_room
65.0,111.0,75.45743176321606,26.0,13.0,0.7605886216308388,game_room
14.0,107.0,89.0723079077552,19.0,15.0,0.587018153647269,lobby
118.0,117.0,69.31796501618008,30.0,17.0,0.8054354119637877,game_room
67.0,102.0,73.6083463173682,25.0,11.0,0.5865573410236895,lobby
31.0,119.0,72.64730219936231,31.0,18.0,0.6684102357952606,pool
53.0,117.0,83.13098929235295,26.0,12.0,0.35281716318129824,pool
43.0,103.0,70.90839400873686,27.0,12.0,0.4805088531030142,lobby
135.0,117.0,66.34031100925074,28.0,15.0,0.7793965846166593,lobby
64.0,107.0,79.78088715255353,26.0,13.0,0.4068477507545834,lobby
61.0,116.0,67.87545823870619,26.0,16.0,0.31661883023320553,lobby
14.0,103.0,104.20337339467974,20.0,8.0,0.42176535129405174,game_room
199.0,110.0,66.6072131801576,36.0,14.0,0.8399925333023797,game_room
21.0,114.0,84.74021515093183,20.0,10.0,0.15120877759756773,pool
53.0,108.0,80.70622316994809,34.0,15.0,0.22486636210122174,lobby
20.0,111.0,95.70833335238238,22.0,7.0,0.4330721649783152,game_room
115.0,102.0,69.54622825388033,32.0,18.0,0.7985207683331028,lobby
87.0,101.0,73.2499532426869,24.0,10.0,0.5876108707067063,game_room
121.0,112.0,67.68217995794869,33.0,13.0,0.42998783937916246,pool
26.0,110.0,80.54846806366336,16.0,13.0,0.7024526058594349,lobby
31.0,104.0,76.04269853869133,25.0,16.0,0.5499171312048181,game_room
75.0,102.0,74.65024329873143,40.0,19.0,0.26338521410918053,pool
21.0,116.0,79.65349073101396,18.0,12.0,0.48857803083336243,game_room
35.0,102.0,86.55261351469052,16.0,12.0,0.3067724019823805,lobby
29.0,115.0,76.97618940079275,23.0,18.0,0.6086545870895215,pool
22.0,112.0,81.63543600529506,25.0,14.0,0.4260058718306942,lobby
88.0,118.0,61.105400311735664,41.0,17.0,0.5714387463342645,lobby
13.0,113.0,95.13514873326032,19.0,360.0,0.214037035250022,pool
241.0,100.0,63.32886626306673,34.0,13.0,0.3724251312595573,lobby
27.0,107.0,76.25364566471914,23.0,9.0,0.45744686246752325,pool
34.0,102.0,70.37515823632813,25.0,12.0,0.6201321620068103,lobby
13.0,101.0,103.368864197777,9.0,11.0,0.2528320953887038,pool
88.0,101.0,62.83068997257519,41.0,16.0,0.33519029694134767,lobby
40.0,115.0,68.07781647071718,30.0,19.0,0.7009458873409438,lobby
57.0,120.0,67.38253394080694,44.0,16.0,0.7729182561605821,lobby
21.0,109.0,91.22248217783103,18.0,7.0,0.23055229914232872,pool
42.0,105.0,81.08339247834562,26.0,10.0,0.611681818969837,lobby
48.0,118.0,76.257805495065,22.0,450.0,0.2892008034190509,pool
73.0,108.0,77.05780593910764,34.0,14.0,0.46054328955797125,lobby
11.0,108.0,105.92951449042233,3.0,9.0,0.22588885074188841,pool
322.0,109.0,60.64114872096337,44.0,19.0,0.3841504305494557,pool
159.0,117.0,66.46091201297432,21.0,11.0,0.6813772607205475,pool
46.0,104.0,80.4639975168977,26.0,19.0,0.5842456432675547,pool
20.0,118.0,84.13333100807355,22.0,13.0,0.4913014136066361,game_room
39.0,112.0,79.10600712099297,24.0,16.0,0.747680971743298,pool
132.0,113.0,68.41898946506868,29.0,18.0,0.5060872918568793,game_room
43.0,118.0,73.53443959150727,25.0,9.0,0.5143514780642895,pool
62.0,113.0,63.56703911661249,22.0,17.0,0.44122997936869196,pool
24.0,110.0,91.6637669768437,13.0,8.0,0.5227813105052692,game_room
52.0,102.0,79.65263193483479,25.0,15.0,0.49681041085113503,game_room
153.0,118.0,66.50051418658347,50.0,26.0,0.4033575995451479,pool
80.0,109.0,72.03960257187589,22.0,12.0,0.8764784964203529,game_room
21.0,119.0,80.83441474072424,36.0,16.0,0.6172291834317396,lobby
60.0,115.0,73.61656422465816,30.0,13.0,0.3370053944741161,game_room
34.0,116.0,74.71617632817541,23.0,8.0,0.21003437673169972,game_room
72.0,102.0,63.911129149582294,30.0,19.0,0.7483313723591334,game_room
73.0,118.0,73.77617183892808,25.0,17.0,0.25845086655501465,pool
58.0,100.0,77.01420991534934,18.0,13.0,0.704780907824895,pool
13.0,107.0,105.69249700189685,2.0,9.0,0.588399125248849,game_room
38.0,107.0,76.62233491972682,31.0,13.0,0.7423250265403287,pool
78.0,106.0,75.80819322660281,21.0,17.0,0.8881731456282762,game_room
105.0,116.0,74.42821330469468,36.0,21.0,0.2803740090016195,pool
14.0,112.0,93.93961964899317,9.0,12.0,0.12387808442211573,game_room
43.0,117.0,70.13696204277588,37.0,14.0,0.3482984409438831,lobby
45.0,113.0,79.89538636354114,28.0,12.0,0.40630985578323825,lobby
75.0,116.0,58.930632906949334,42.0,22.0,0.7316740609461174,game_room
53.0,111.0,71.39939624575479,29.0,15.0,0.48806065004308236,game_room
41.0,114.0,82.90568777196623,21.0,13.0,0.710292247696414,game_room
27.0,111.0,81.31972159732493,29.0,17.0,0.5170426412090634,lobby
97.0,105.0,75.7861001433173,23.0,9.0,0.8570106390022874,game_room
24.0,113.0,78.50133552989804,25.0,14.0,0.19032804406684473,pool
60.0,106.0,70.17261348179332,38.0,18.0,0.8074369353687765,lobby
199.0,116.0,62.160536222669386,33.0,14.0,0.7265847126703568,game_room
14.0,117.0,99.49752503096767,14.0,5.0,0.11914082151367156,pool
44.0,100.0,69.88883617647353,32.0,17.0,0.5164504469392033,lobby
297.0,113.0,58.296315112825965,39.0,17.0,0.472943330508608,lobby
187.0,114.0,71.5380818529792,29.0,17.0,0.37917128561044394,game_room
14.0,108.0,97.5468909318542,11.0,5.0,0.7263783142314202,game_room
17.0,109.0,88.58308430964787,8.0,5.0,0.3266887817089999,lobby
231.0,111.0,65.69991495003107,46.0,16.0,0.5795733975971396,lobby
69.0,115.0,65.3895873412315,26.0,9.0,0.7940933631775968,lobby
60.0,102.0,74.83847091330276,27.0,11.0,0.8896446596685255,lobby
66.0,113.0,65.95691032548737,21.0,12.0,0.4724540750801964,pool
47.0,102.0,80.69794611924863,30.0,14.0,0.7979046658789664,lobby
33.0,116.0,83.56051007588383,26.0,17.0,0.7332023261748737,lobby
416.0,119.0,56.79803293753938,33.0,20.0,0.8473900097975213,lobby
25.0,107.0,79.22148164521634,22.0,15.0,0.5443180941245656,game_room
15.0,118.0,92.31085722506322,30.0,18.0,0.1422263560340868,pool
105.0,113.0,63.640995070790034,34.0,17.0,0.8915863050979358,game_room
56.0,106.0,75.97683174503752,29.0,18.0,0.593041253859171,game_room
86.0,106.0,58.761509114025664,49.0,19.0,0.4873012561380405,lobby
51.0,101.0,67.51345743806107,32.0,13.0,0.734039084306674,pool
74.0,113.0,65.05579847750025,35.0,15.0,0.2562662855262851,pool
24.0,115.0,89.62523880115624,23.0,15.0,0.30655093186986565,game_room
38.0,115.0,83.61369428992545,26.0,9.0,0.3640298901183863,pool
48.0,104.0,66.51097273501497,36.0,13.0,0.673746202118795,pool
205.0,103.0,63.074373983744366,37.0,18.0,0.9103224026127348,game_room
138.0,102.0,67.61744357133347,34.0,18.0,0.2954527266908675,pool
40.0,102.0,69.0732104975221,40.0,14.0,0.7224266946003868,lobby
28.0,104.0,87.8609823267542,22.0,13.0,0.2974052032133197,pool
26.0,110.0,78.76771348843977,23.0,12.0,0.7373301262074605,lobby
84.0,119.0,74.94389664763506,18.0,15.0,0.5418113478967057,game_room
96.0,115.0,58.453345579292126,36.0,14.0,0.6692117628945844,pool
14.0,102.0,100.02052713425572,14.0,10.0,0.23550237601259222,pool
94.0,105.0,59.279238019241,33.0,12.0,0.7429566304753461,pool
15.0,106.0,91.63992029778528,5.0,8.0,0.5560329797205568,pool
37.0,116.0,83.6178442968183,24.0,9.0,0.7558699457277129,game_room
17.0,119.0,88.64637767711201,18.0,13.0,0.6926773632514327,lobby
52.0,103.0,66.10894932109584,48.0,22.0,0.4194364113068498,game_room
22.0,108.0,78.52421163201933,27.0,13.0,0.5799808222570477,lobby
156.0,103.0,70.08116660804285,29.0,15.0,0.5343288680900378,game_room
32.0,106.0,73.54879696992337,31.0,11.0,0.5490272625283519,pool
29.0,107.0,79.15148247845215,22.0,8.0,0.7756995067535233,pool
19.0,107.0,84.99862352847518,30.0,15.0,0.1559495970906351,pool
39.0,115.0,67.52778327468695,27.0,18.0,0.3244525027543718,pool
60.0,107.0,76.18556762626059,35.0,17.0,0.5075745747162168,game_room
25.0,108.0,80.40532581595902,19.0,12.0,0.4750445355805753,lobby
326.0,119.0,59.7607464280388,44.0,15.0,0.6736350871590704,lobby
130.0,103.0,71.70626901354366,32.0,15.0,0.3606523959584205,pool
54.0,116.0,79.6308783655704,32.0,15.0,0.6418471476889083,game_room
38.0,118.0,82.1303041279848,26.0,10.0,0.4931561148590669,game_room
14.0,105.0,96.04497983701313,23.0,13.0,0.6902801404954655,pool
17.0,116.0,97.90764408958478,15.0,8.0,0.17575571044267502,game_room
17.0,106.0,87.40654792922543,16.0,13.0,0.519812548996269,pool
107.0,116.0,62.44814597226657,37.0,15.0,0.3769320041614644,game_room
112.0,107.0,70.26775522943493,36.0,20.0,0.6692719537475835,lobby
54.0,115.0,68.52835952448348,33.0,11.0,0.7516132428899482,lobby
11.0,102.0,115.50299050650167,1.0,1.0,0.6244265220390002,lobby
25.0,116.0,88.12657159854741,17.0,14.0,0.7664316364596282,lobby
43.0,118.0,78.20011818558015,18.0,10.0,0.5449406491796454,pool
35.0,113.0,76.97909993561862,25.0,16.0,0.7889829470238141,lobby
147.0,111.0,67.1933710403128,29.0,12.0,0.465517440196292,lobby
39.0,117.0,72.66166957776673,30.0,14.0,0.3750589047589465,lobby
14.0,117.0,88.97395612148252,26.0,18.0,0.48416275775271805,game_room
107.0,118.0,66.96844507253986,33.0,12.0,0.4173777955846087,pool
17.0,113.0,90.7001823693975,6.0,150.0,0.38173702205320953,lobby
65.0,100.0,64.5481013916069,55.0,21.0,0.8423891483957511,game_room
78.0,115.0,77.56925105369459,33.0,20.0,0.8145494900154149,game_room
74.0,112.0,76.48295549030297,30.0,11.0,0.9136635094353305,game_room
84.0,109.0,59.82546581683196,38.0,18.0,0.8969067965632902,game_room
115.0,104.0,61.12490061643769,29.0,15.0,0.3483658672184429,pool
28.0,107.0,78.58310889128572,34.0,16.0,0.4777246666453346,game_room
129.0,102.0,67.4304698502321,28.0,15.0,0.5648309025269342,game_room
78.0,111.0,63.645460901687514,39.0,22.0,0.37140655346272117,game_room
113.0,115.0,68.73739338563662,23.0,8.0,0.46540629602008704,game_room
59.0,109.0,79.5770383528598,25.0,16.0,0.28110150624473756,pool
31.0,108.0,87.66668992802506,20.0,17.0,0.7278314006187803,lobby
27.0,106.0,90.09770755575005,22.0,16.0,0.39542266779627006,game_room
56.0,118.0,73.01602541845418,31.0,420.0,0.5850667239383303,pool
36.0,109.0,72.59207718109619,28.0,15.0,0.2780485722140588,pool
11.0,105.0,104.01287437128879,5.0,10.0,0.0,pool
17.0,106.0,87.31560756573886,21.0,9.0,0.6872683300559874,pool
57.0,105.0,67.36756967179105,31.0,11.0,0.48057092202248003,lobby
48.0,120.0,83.41766004074884,21.0,9.0,0.32797814573392,game_room
26.0,106.0,88.01480721397627,20.0,9.0,0.22366660065713767,pool
36.0,117.0,84.80959486962503,7.0,11.0,0.2412801622837482,game_room
20.0,108.0,81.82913257492274,23.0,17.0,0.226421868918861,pool
30.0,110.0,75.72568627355975,40.0,17.0,0.6835392026271561,game_room
50.0,108.0,67.11733095088793,34.0,21.0,0.5320800402213446,pool
12.0,103.0,104.64527360551034,0.0,2.0,0.15947651145797898,pool
73.0,105.0,75.18849166930922,25.0,9.0,0.3191222143578603,game_room
162.0,103.0,64.69739025091175,42.0,15.0,0.5604838612065031,game_room
23.0,104.0,88.1522040111175,28.0,18.0,0.682027741717179,lobby
93.0,112.0,59.2901563131812,35.0,15.0,0.8275717212720164,lobby
25.0,113.0,88.64793651396525,25.0,16.0,0.2869203180960643,pool
24.0,116.0,79.08192919712191,25.0,10.0,0.32751219851186303,game_room
36.0,117.0,74.5787104923786,26.0,17.0,0.2435626141264597,pool
38.0,109.0,81.09468750018357,25.0,10.0,0.6078046820303595,lobby
34.0,105.0,84.37231400328398,26.0,14.0,0.5110988450090816,pool
48.0,107.0,71.86670138806403,30.0,18.0,0.6017392688783674,game_room
68.0,115.0,75.97304124672421,21.0,15.0,0.5260588894769953,pool
44.0,118.0,79.50028650964595,30.0,20.0,0.34875651356235854,lobby
73.0,103.0,76.56845627507674,40.0,16.0,0.80454208134743,lobby
38.0,108.0,76.49062577489977,20.0,9.0,0.6871912564869669,lobby
13.0,116.0,98.66506192420786,7.0,3.0,0.5720764377436454,pool
12.0,109.0,106.74993542177589,16.0,6.0,0.5438568892184439,pool
17.0,112.0,87.79952558818258,15.0,6.0,0.7611565068320809,pool
13.0,114.0,91.25495492464326,16.0,14.0,0.14370900779621892,pool
57.0,119.0,68.52648718816661,46.0,20.0,0.6819480174396293,pool
89.0,109.0,60.22914952842559,49.0,26.0,0.7454338981036501,lobby
31.0,103.0,82.38358102698635,11.0,210.0,0.7851779530369378,lobby
42.0,109.0,81.81289719316783,26.0,10.0,0.25120642230181406,pool
71.0,119.0,73.4679496134626,37.0,15.0,0.6137086759807175,pool
14.0,118.0,89.09079422922508,12.0,6.0,0.6933342342523146,game_room
66.0,106.0,77.6040481402588,29.0,13.0,0.7096674770630389,lobby
93.0,104.0,71.72121253283257,32.0,19.0,0.5318155369014743,game_room
27.0,104.0,84.36404763904761,26.0,10.0,0.7843686687309723,lobby
15.0,116.0,89.53417456113911,15.0,8.0,0.18820458487094865,pool
15.0,116.0,90.11028886804267,11.0,7.0,0.6322199462557214,game_room
80.0,111.0,73.13195793014492,18.0,14.0,0.5404628843763397,lobby
30.0,111.0,85.3587591144761,7.0,6.0,0.5001961452130248,lobby
13.0,108.0,102.48623224256143,14.0,11.0,0.6899833317905264,pool
35.0,118.0,73.94936347433801,34.0,21.0,0.4338486252812149,pool
13.0,101.0,96.53893136399869,25.0,9.0,0.5210392887227464,game_room
216.0,120.0,64.18780860235738,41.0,22.0,0.44471088665265784,lobby
34.0,111.0,71.18314397578615,30.0,14.0,0.6989801831659856,pool
85.0,117.0,72.9780405213269,29.0,18.0,0.27474914250191823,pool
134.0,103.0,67.88260788785793,34.0,19.0,0.722103684436836,lobby
80.0,108.0,69.20739373595615,27.0,19.0,0.40841424604077564,lobby
66.0,107.0,75.97840676419929,24.0,11.0,0.38126451199264283,lobby
33.0,107.0,71.89614097462497,27.0,13.0,0.45738059901535216,lobby
15.0,105.0,88.95152864131182,17.0,8.0,0.2923883124112631,pool
41.0,112.0,82.30438649861202,17.0,7.0,0.3114393935113203,game_room
88.0,101.0,68.74823605008939,19.0,7.0,0.5664960161240162,lobby
11.0,118.0,103.12738410543837,5.0,11.0,0.12487405358928927,pool
28.0,117.0,76.53291339015966,21.0,16.0,0.6027382409928461,game_room
129.0,106.0,69.65162332680737,22.0,8.0,0.9319994854511868,game_room
113.0,118.0,71.9307431514741,26.0,9.0,0.9357207606433477,game_room
16.0,100.0,99.21100334307788,18.0,15.0,0.7710767346257599,game_room
27.0,112.0,79.12683285302913,29.0,16.0,0.7009086437255649,lobby
12.0,104.0,99.51460367260373,9.0,10.0,0.5674134711917924,game_room
75.0,105.0,73.9526392800135,31.0,14.0,0.31421683849520726,lobby
38.0,103.0,80.340890567028,37.0,19.0,0.8458868013230327,pool
75.0,120.0,65.17419810141337,-37.0,22.0,0.40768079520280515,game_room
30.0,100.0,74.11974284924773,34.0,16.0,0.6321570313853919,lobby
193.0,115.0,65.56355877903388,31.0,17.0,0.6737369558273036,pool
164.0,111.0,65.04242982967483,33.0,15.0,0.9264468234092793,game_room
40.0,102.0,68.41517464142404,31.0,13.0,0.8483580210110404,game_room
29.0,117.0,85.26213446059545,21.0,14.0,0.700418787609318,lobby
56.0,101.0,68.86335453557382,40.0,14.0,0.2504794903085346,pool
39.0,111.0,81.5614577548343,15.0,10.0,0.28078585033278874,pool
109.0,120.0,65.8424601916187,37.0,14.0,0.8277428692698858,lobby
34.0,119.0,70.61078755986779,24.0,15.0,0.46794115030029854,lobby
27.0,111.0,79.09785629999269,27.0,13.0,0.4128958678961386,pool
21.0,117.0,92.61907969994778,12.0,9.0,0.3723164355594026,pool
46.0,116.0,66.70410892509264,33.0,14.0,0.7316952786038124,game_room
290.0,104.0,58.923120755196145,39.0,17.0,0.7603983271768893,game_room
41.0,101.0,72.91442196841575,29.0,11.0,0.4141663717402367,pool
13.0,102.0,93.028405748438,13.0,6.0,0.14575665521208253,pool
28.0,110.0,84.7828506919195,19.0,11.0,0.27881205646250856,pool
25.0,113.0,86.3751243363916,11.0,11.0,0.7082018655100497,game_room
57.0,105.0,67.61978902315464,31.0,17.0,0.7334685403032575,game_room
149.0,114.0,69.73835566143441,33.0,20.0,0.6582743324352476,pool
41.0,101.0,80.3095155620926,27.0,17.0,0.7132779534700164,game_room
43.0,119.0,67.52303520515693,36.0,17.0,0.7396966759273631,game_room
25.0,112.0,80.14636609882169,35.0,16.0,0.5952412149828141,lobby
47.0,101.0,74.72510038762277,34.0,15.0,0.8042402828836015,pool
84.0,101.0,64.93071789791034,36.0,22.0,0.6878841195801755,pool
28.0,106.0,86.16066285431364,18.0,9.0,0.716350792960446,lobby
28.0,102.0,77.5212454024733,33.0,16.0,0.7718394709898018,game_room
15.0,113.0,90.7785502973722,17.0,12.0,0.3602033022700793,lobby
53.0,104.0,68.38386985369607,30.0,17.0,0.2925363660264713,pool
37.0,106.0,73.69114015695271,31.0,14.0,0.21757861009859708,pool
27.0,112.0,74.53704243713901,26.0,19.0,0.7478993943943371,lobby
71.0,107.0,76.21193643321888,32.0,12.0,0.4923522913618869,game_room
30.0,105.0,74.88685811596389,40.0,420.0,0.6829943896982871,game_room
74.0,117.0,65.02704079741963,29.0,19.0,0.7460459299988025,game_room
44.0,120.0,79.15331072698982,27.0,12.0,0.5289624623736207,lobby
60.0,113.0,62.515515708463404,35.0,13.0,0.25787890273929687,pool
27.0,111.0,80.69694268469993,23.0,17.0,0.760597166192083,game_room
28.0,112.0,78.75835090254961,30.0,15.0,0.23523042025738955,pool
23.0,111.0,83.66492052972882,20.0,15.0,0.760934397772022,game_room
93.0,101.0,59.417604012022416,39.0,17.0,0.5826574152885542,game_room
47.0,101.0,79.30492348539507,22.0,9.0,0.5080119926054283,game_room
448.0,108.0,53.92055205272533,40.0,22.0,0.7964415779363332,game_room
60.0,112.0,67.88263780099058,23.0,17.0,0.5815855985412797,game_room
87.0,115.0,75.08370478212774,26.0,17.0,0.8737108126565003,game_room
60.0,114.0,79.80320331750926,21.0,11.0,0.8805788126720464,game_room
50.0,110.0,68.73516054805856,23.0,12.0,0.42986885138302294,game_room
148.0,113.0,65.24527324459385,24.0,18.0,0.33902439655992617,pool
159.0,110.0,62.89102992850366,38.0,14.0,0.5780573821874784,lobby
37.0,104.0,72.95341884887631,36.0,18.0,0.4371191070303844,lobby
70.0,120.0,63.002148902859965,42.0,15.0,0.8495372835403954,lobby
39.0,101.0,84.7966016066961,21.0,10.0,0.23048533429972412,pool
69.0,103.0,71.5695764489397,23.0,15.0,0.26951664307219786,pool
56.0,115.0,67.91025717409295,36.0,12.0,0.3136954868874731,lobby
12.0,103.0,99.22490548092517,13.0,11.0,0.10785355587845002,pool
30.0,106.0,89.81555553534922,19.0,7.0,0.5537367728184486,game_room
22.0,103.0,81.57149156564691,22.0,8.0,0.29395798508723153,pool
211.0,120.0,64.41769142671478,26.0,10.0,0.752710370929812,lobby
30.0,116.0,79.66981758926283,21.0,11.0,0.7538487971255889,lobby
129.0,108.0,67.94554207104102,36.0,19.0,0.816441971947353,game_room
108.0,103.0,59.162180670435916,32.0,13.0,0.6527414229078947,game_room
57.0,110.0,67.42435549324034,27.0,18.0,0.3906689941936203,lobby
164.0,117.0,63.359974323151064,40.0,22.0,0.4895469843243872,lobby
28.0,113.0,88.94213174482013,20.0,11.0,0.6831195802144945,game_room
114.0,104.0,69.41543428629416,39.0,15.0,0.8161774025571817,lobby
280.0,108.0,59.84255890858696,35.0,13.0,0.7965376970290414,game_room
12.0,114.0,105.05779818801491,5.0,8.0,0.5469152561846891,game_room
99.0,104.0,70.37846999915679,30.0,17.0,0.3030764060029372,game_room
18.0,117.0,83.2704533584802,30.0,15.0,0.47827745490661827,game_room
23.0,119.0,78.37069280614921,32.0,17.0,0.6483938801761517,lobby
22.0,103.0,79.2321019102035,16.0,7.0,0.5348116880821849,lobby
145.0,109.0,66.99330028478651,31.0,18.0,0.6735610991642955,lobby
27.0,119.0,87.9127095735095,24.0,17.0,0.30371856230770417,lobby
121.0,115.0,72.40652532457801,22.0,10.0,0.877936304995758,game_room
90.0,101.0,71.19548561110877,34.0,11.0,0.46358290930932106,lobby
121.0,109.0,68.75320059025896,41.0,19.0,0.901266906861284,game_room
22.0,113.0,80.16362957233831,12.0,6.0,0.5827563309948482,lobby
25.0,119.0,78.14365888438323,38.0,17.0,0.5031121531398208,lobby
17.0,111.0,82.76991774384172,21.0,15.0,0.5315863027333387,pool
23.0,115.0,79.88055142836365,30.0,14.0,0.6888545343211074,game_room
20.0,114.0,93.855823732307,25.0,12.0,0.6818454622968513,game_room
12.0,110.0,107.81624093666657,1.0,10.0,0.10120202981331494,pool
47.0,114.0,78.59991565962345,19.0,14.0,0.2246428329856353,pool
96.0,102.0,74.41004529617842,24.0,10.0,0.6875285135056091,game_room
23.0,107.0,80.8440413294386,16.0,12.0,0.1877318106002372,pool
12.0,110.0,106.54470660212338,4.0,4.0,0.267242612049534,pool
12.0,120.0,107.11531932617285,6.0,6.0,0.5950485942068899,lobby
58.0,114.0,74.53664750506393,28.0,10.0,0.852308958932366,lobby
101.0,100.0,71.23945995306347,38.0,22.0,0.3880510968130108,lobby
15.0,110.0,92.63107157104452,12.0,7.0,0.22468930621500988,pool
13.0,115.0,93.88053544321372,15.0,10.0,0.2614543493450701,pool
22.0,108.0,81.90338017849913,24.0,14.0,0.3383535885561096,pool
35.0,115.0,83.72587843714707,27.0,12.0,0.29151973468151865,pool
282.0,117.0,58.27355021840498,49.0,19.0,0.5520582959947276,pool
16.0,101.0,89.66706883024668,26.0,17.0,0.6966733216061796,lobby
14.0,112.0,89.36670942476414,12.0,11.0,0.6145837466068285,game_room
70.0,112.0,76.16667214587459,29.0,19.0,0.28898261827672517,game_room
18.0,106.0,86.51532594920809,17.0,15.0,0.3976248815030396,game_room
56.0,102.0,66.51137642797624,34.0,15.0,0.35337248931758597,game_room
36.0,117.0,86.75374212754552,14.0,11.0,0.8433930211763927,game_room
188.0,118.0,63.12383718949922,41.0,14.0,0.8744003274116976,lobby
17.0,112.0,84.53163712013318,14.0,12.0,0.5881708282101934,game_room
19.0,116.0,87.07220954141042,19.0,15.0,0.7213883151595555,game_room
21.0,116.0,83.94266046769148,22.0,15.0,0.7884638180037189,lobby
41.0,115.0,74.34254856334971,47.0,23.0,0.5683618920206968,game_room
71.0,112.0,65.3963019318469,38.0,14.0,0.3590044532703733,pool
50.0,104.0,78.48982420532977,28.0,10.0,0.6472957624454663,game_room
48.0,115.0,67.03257720190439,22.0,8.0,0.2737506374723197,pool
15.0,102.0,102.35284396001701,9.0,10.0,0.19232752822213012,pool
43.0,109.0,68.92127043971377,25.0,18.0,0.5088777955242856,pool
36.0,106.0,79.98753127834676,25.0,12.0,0.36028091813925095,pool
22.0,104.0,92.14546761117171,10.0,12.0,0.6303975615541548,pool
12.0,103.0,101.46321876498072,16.0,11.0,0.6989779342490436,pool
16.0,119.0,89.06344908625769,21.0,7.0,0.7320846002377037,lobby
36.0,107.0,69.98948936569168,22.0,8.0,0.2287245466827828,pool
28.0,105.0,90.75747821875085,13.0,8.0,0.5273828845144266,pool
13.0,119.0,98.54461161151988,4.0,10.0,0.3311684355731503,game_room
53.0,115.0,69.9155090676967,41.0,21.0,0.8921284304758303,pool
90.0,108.0,73.60377562626576,30.0,15.0,0.2842149171756711,pool
90.0,106.0,72.62156118572602,27.0,18.0,0.912233786909646,lobby
50.0,119.0,69.64184901776493,35.0,15.0,0.2849857652653462,pool
50.0,115.0,71.68566413883565,33.0,17.0,0.4625098514495533,lobby
25.0,110.0,90.91451561880147,21.0,8.0,0.3572995176253025,lobby
35.0,115.0,75.6140062404902,26.0,16.0,0.6476375309605662,game_room
28.0,103.0,90.16640935830245,18.0,11.0,0.3899745097894897,game_room
41.0,116.0,71.82171607720457,24.0,12.0,0.31490679779265335,game_room
58.0,103.0,68.01271856535325,26.0,18.0,0.23108106653997967,pool
184.0,104.0,63.88200216732973,30.0,20.0,0.9337094346231207,game_room
105.0,119.0,68.4380982129268,38.0,450.0,0.6158051383796925,pool
75.0,103.0,63.186012669222436,45.0,20.0,0.2718119291471856,pool
42.0,114.0,73.9843117192512,27.0,12.0,0.21039117344050856,pool
33.0,120.0,72.99691017282044,22.0,13.0,0.73037367161196,game_room
36.0,102.0,72.54895552358285,33.0,20.0,0.21799220386991275,pool
22.0,109.0,90.95523401240419,30.0,11.0,0.561672013707754,lobby
20.0,118.0,77.49313603420804,13.0,11.0,0.23945013253270736,pool
16.0,112.0,84.69911989692488,23.0,10.0,0.6029265675384128,lobby
24.0,119.0,89.78108460198959,25.0,12.0,0.29104136112456386,pool
73.0,102.0,73.53973111566322,25.0,14.0,0.687825561756475,pool
14.0,110.0,91.6101206936853,16.0,8.0,0.5971289701402451,pool
11.0,106.0,104.10103906473617,1.0,4.0,0.2840214745710164,pool
15.0,104.0,92.83257407048438,14.0,5.0,0.5302248547304089,pool
60.0,109.0,78.33925749723534,21.0,8.0,0.2964685587137576,pool
35.0,111.0,73.82025203234232,32.0,12.0,0.694228302609343,pool
64.0,107.0,76.33695927600957,21.0,17.0,0.45597097634146083,pool
16.0,110.0,89.37722054146235,27.0,12.0,0.3098638270031782,game_room
73.0,106.0,75.7725446096965,26.0,12.0,0.6416156828301043,lobby
105.0,101.0,71.69948634870029,30.0,13.0,0.6122720622437585,pool
34.0,105.0,77.01554186057395,29.0,11.0,0.40486680875247644,lobby
66.0,106.0,65.26791422800687,36.0,19.0,0.7246017313980933,game_room
14.0,113.0,92.21176772144771,12.0,5.0,0.0853320124377544,pool
19.0,103.0,85.95899454882915,26.0,16.0,0.12699835257228165,pool
31.0,100.0,74.295700968601,17.0,12.0,0.5023082857745014,pool
14.0,106.0,92.59846067288477,19.0,14.0,0.4565377234166154,pool
42.0,120.0,79.98137031881225,28.0,13.0,0.714708172635905,lobby
15.0,109.0,102.43473265547536,8.0,300.0,0.541734369253585,game_room
29.0,112.0,73.41391145597194,32.0,17.0,0.5650490919044362,game_room
12.0,106.0,99.99883982683019,7.0,6.0,0.1225236297617609,pool
83.0,107.0,63.0205978561555,27.0,14.0,0.48619890166767726,pool
199.0,107.0,64.95156950779722,41.0,19.0,0.41753526865059704,lobby
24.0,118.0,80.56153323848397,31.0,13.0,0.7290630109378073,game_room
10.0,110.0,146.35728704397363,31.0,11.0,0.3819835472632845,pool
13.0,105.0,105.70178989929177,16.0,6.0,0.31621485366285723,game_room
32.0,112.0,76.42023484982175,23.0,13.0,0.4792806928459283,pool
74.0,105.0,62.0829981038799,29.0,13.0,0.7284337753370995,game_room
49.0,116.0,78.43952240820843,25.0,15.0,0.38039986721550906,pool
62.0,112.0,66.75724622681754,36.0,19.0,0.4953918059324714,game_room
118.0,119.0,62.096782708616935,41.0,15.0,0.7211970641561016,game_room
42.0,106.0,73.70630727821472,33.0,16.0,0.2760441210130499,pool
87.0,116.0,72.20856295977043,31.0,13.0,0.490309044183,game_room
138.0,114.0,65.28495177516072,26.0,18.0,0.475949895220149,pool
39.0,104.0,83.73339960837136,17.0,6.0,0.671982076547192,pool
58.0,109.0,74.79697487185683,26.0,9.0,0.8477278669983193,game_room
59.0,114.0,74.01897399136638,35.0,14.0,0.759185931299954,game_room
22.0,114.0,94.6505856941361,25.0,13.0,0.6771949782570723,game_room
115.0,115.0,60.09626852336908,43.0,18.0,0.5875430036936604,lobby
41.0,112.0,70.47942000574709,34.0,19.0,0.7970969490618636,lobby
123.0,118.0,69.56551011325942,-37.0,15.0,0.632070240529482,lobby
141.0,103.0,67.52361865787121,35.0,13.0,0.7366164768736438,game_room
10.0,113.0,119.09609027067572,4.0,2.0,0.29598133769651797,pool
238.0,102.0,63.17146848367259,18.0,11.0,0.3481327002066276,game_room
122.0,118.0,67.90355031647536,30.0,19.0,0.37729814903123765,game_room
18.0,117.0,92.46422391901416,15.0,13.0,0.489210134477094,game_room
74.0,110.0,73.2299125780588,31.0,16.0,0.589098939793034,pool
205.0,112.0,63.229920817329095,42.0,18.0,0.8482859541269239,game_room
65.0,119.0,77.02480912997342,21.0,10.0,0.5635738795064595,lobby
12.0,106.0,95.90077598548973,10.0,9.0,0.4344730090615247,pool
70.0,118.0,63.84495208166065,35.0,16.0,0.8914255498143862,game_room
41.0,117.0,81.73348142807902,32.0,16.0,0.32729944232371516,game_room
33.0,112.0,83.49312157109843,30.0,13.0,0.6326485478817336,lobby
34.0,118.0,88.10879667071055,20.0,14.0,0.5837443518588634,game_room
14.0,118.0,101.857054191522,14.0,8.0,0.4719156343679249,pool
37.0,108.0,83.64154073105375,25.0,9.0,0.39060297284611506,game_room
139.0,103.0,66.9496818863654,34.0,20.0,0.7607151885582863,pool
103.0,115.0,72.05023496604443,40.0,18.0,0.5926747274672861,game_room
22.0,104.0,92.16668222407908,23.0,12.0,0.23823888182234504,pool
26.0,108.0,89.69461484042523,28.0,11.0,0.47511241861895853,lobby
32.0,109.0,76.25441184317322,-18.0,8.0,0.3357437408054305,pool
16.0,111.0,89.04879218809701,22.0,12.0,0.7672420384980252,lobby
333.0,100.0,60.97340504909628,37.0,18.0,0.629394106534152,lobby
35.0,117.0,72.93316653058477,33.0,15.0,0.7667859794661436,lobby
11.0,115.0,108.5576024736654,6.0,2.0,0.24059903647627084,pool
136.0,104.0,58.75997578514938,41.0,17.0,0.8249471323302295,lobby
52.0,120.0,73.36183895102094,47.0,18.0,0.2601110542222163,pool
12.0,118.0,97.22786620084878,16.0,6.0,0.5349934357592592,lobby
12.0,120.0,97.0221275018994,-14.0,8.0,0.08797541186519409,game_room
119.0,102.0,70.60756948080567,32.0,15.0,0.5708358967067599,game_room
191.0,112.0,68.4054585743169,30.0,14.0,0.8139006346613578,game_room
20.0,101.0,93.0201726506491,28.0,14.0,0.6866006091396046,game_room
23.0,110.0,90.54556415197672,17.0,7.0,0.3574816942929206,pool
116.0,106.0,67.81193576071173,42.0,15.0,0.784177740776556,game_room
34.0,110.0,73.06340161776035,32.0,13.0,0.5848741720733679,pool
79.0,101.0,73.27165171900054,31.0,17.0,0.8095075673664214,game_room
36.0,117.0,73.45893375973436,-32.0,18.0,0.27026912877931314,pool
25.0,110.0,86.02248103592291,12.0,12.0,0.7837774104825979,game_room
75.0,112.0,66.13504114624963,43.0,450.0,0.8112090870809936,game_room
45.0,103.0,79.32002260830141,21.0,8.0,0.6648637286668273,lobby
22.0,104.0,81.30146109984634,23.0,300.0,0.30691632133678864,pool
320.0,101.0,58.376715521723426,41.0,15.0,0.38324778217740946,pool
38.0,114.0,81.4137776954778,34.0,19.0,0.5274694153136699,lobby
143.0,101.0,71.27460350215247,41.0,16.0,0.3514042491562331,lobby
116.0,105.0,66.77205923244313,36.0,15.0,0.7891641906978331,pool
101.0,103.0,60.79916571829487,39.0,22.0,0.6237036441417723,lobby
72.0,110.0,64.4848935904268,38.0,19.0,0.4392280484947871,game_room
25.0,108.0,80.5101737850791,16.0,10.0,0.8018619770331852,game_room
83.0,110.0,72.35237366834718,24.0,15.0,0.6666668858283518,pool
44.0,114.0,71.81440147460373,30.0,13.0,0.6066615922807723,lobby
87.0,111.0,65.25768655653246,34.0,18.0,0.45070334636801374,pool
40.0,111.0,71.34357673555446,27.0,18.0,0.635329740229784,lobby
23.0,104.0,78.23581247445948,20.0,16.0,0.6470169135464647,lobby
56.0,120.0,77.49157665301306,22.0,14.0,0.2404024849789212,pool
89.0,102.0,73.13921185873204,31.0,15.0,0.8236061275632931,lobby
77.0,118.0,64.36113822704517,44.0,24.0,0.615449445455095,lobby
17.0,106.0,96.88275788836036,16.0,12.0,0.7436628788705613,lobby
29.0,109.0,74.72558957855992,23.0,10.0,0.3304516709810836,game_room
37.0,107.0,71.6898970971368,27.0,17.0,0.8535441410271347,game_room
19.0,111.0,97.3616929096029,20.0,16.0,0.3055548054587646,lobby
99.0,101.0,70.28366305873038,34.0,20.0,0.2967783963450103,pool
26.0,109.0,78.52229526452827,30.0,13.0,0.7288578172045572,pool
26.0,107.0,73.73388693718714,20.0,9.0,0.4467649700235565,pool
12.0,105.0,113.08653997258871,7.0,11.0,0.08028160946726948,lobby
95.0,105.0,71.33755139087091,24.0,17.0,0.9070087783732592,pool
38.0,118.0,74.58937035144831,25.0,9.0,0.5516310995731526,pool
38.0,110.0,72.95585795681544,33.0,13.0,0.8287029590987869,lobby
28.0,111.0,76.84770922668037,29.0,19.0,0.35231586720518854,lobby
19.0,101.0,87.6084502073365,13.0,10.0,0.5403810028132063,game_room
130.0,118.0,67.1547455235517,32.0,12.0,0.7186816602996833,lobby
40.0,101.0,73.48320168551899,37.0,14.0,0.8460980231857984,lobby
32.0,114.0,76.42826375218011,24.0,9.0,0.36418765966181826,game_room
20.0,116.0,84.5078953740384,15.0,7.0,0.6644592465630594,pool
12.0,105.0,100.83869358928385,8.0,11.0,0.4808261182813173,lobby
36.0,101.0,87.12032411304483,20.0,9.0,0.33057062379643637,game_room
14.0,101.0,103.24856825360798,8.0,5.0,0.2937294822608076,pool
25.0,113.0,87.16595983022208,18.0,10.0,0.5324797363472769,lobby
141.0,105.0,65.14400107811423,36.0,21.0,0.5529624742611292,game_room
13.0,107.0,95.52450625811392,17.0,13.0,0.36622953133921315,lobby
264.0,109.0,57.0251628364232,35.0,13.0,0.6986519065818899,game_room
14.0,107.0,100.89666912462395,6.0,2.0,0.21724319534055764,game_room
72.0,110.0,65.4586616751998,39.0,14.0,0.39071302167384886,game_room
41.0,112.0,71.5187379245379,29.0,11.0,0.20184114074993648,pool
157.0,107.0,64.49806723680565,21.0,14.0,0.35351309243961265,game_room
13.0,118.0,108.54121267380721,11.0,12.0,0.6107329154323469,game_room
270.0,106.0,60.48266231244419,44.0,17.0,0.795698547001277,lobby
26.0,114.0,78.86906637566159,25.0,8.0,0.42852332367610085,lobby
101.0,116.0,58.77798455789018,39.0,15.0,0.8199494829789831,lobby
35.0,118.0,83.0367958771727,6.0,11.0,0.7239912042742065,game_room
91.0,116.0,60.496554329313696,48.0,21.0,0.42460533798145333,pool
32.0,117.0,79.32136633198995,15.0,15.0,0.6283694434914748,lobby
32.0,102.0,87.79161247275033,21.0,13.0,0.28313038967832643,pool
90.0,115.0,61.623882325259956,43.0,19.0,0.6115744618115124,game_room
11.0,108.0,103.19938012353057,4.0,10.0,0.2888117646215033,pool
23.0,109.0,89.73075845353438,24.0,17.0,0.7317363165302042,game_room
38.0,115.0,75.02815661349824,26.0,12.0,0.2874776481020573,pool
100.0,110.0,59.501475142475265,35.0,14.0,0.3987331133767828,pool
161.0,118.0,66.09793853753706,37.0,20.0,0.7120781477130482,game_room
129.0,106.0,69.16495204486395,30.0,17.0,0.440234548244597,lobby
20.0,101.0,82.24872104770601,18.0,14.0,0.3483788966485705,lobby
219.0,101.0,62.74925920479122,34.0,19.0,0.382291627902511,lobby
70.0,113.0,74.57522613831125,31.0,13.0,0.3145564694353086,game_room
22.0,112.0,77.63593953135393,22.0,10.0,0.14559278933512693,pool
28.0,104.0,79.3650597203108,24.0,10.0,0.2804920550020165,pool
28.0,105.0,76.40895436910748,21.0,11.0,0.3629747349565216,pool
11.0,105.0,103.15212601952433,5.0,3.0,0.2261853260292756,pool
76.0,118.0,62.44500299883144,32.0,11.0,0.523513226402172,pool
20.0,115.0,84.86793172153295,18.0,6.0,0.21648827264668297,pool
15.0,107.0,92.06921990977239,27.0,15.0,0.12669926611371463,lobby
94.0,114.0,73.03775681400668,32.0,20.0,0.6976469722161556,game_room
37.0,112.0,81.14887763687445,17.0,10.0,0.653489293625241,lobby
140.0,113.0,66.06097875163468,30.0,11.0,0.36994630246978694,game_room
32.0,105.0,78.49413437814673,27.0,17.0,0.40434136093076206,lobby
162.0,117.0,63.73385765531361,30.0,17.0,0.559622338095203,pool
92.0,109.0,60.262251447064095,34.0,19.0,0.33888487837735065,lobby
41.0,115.0,82.38198575836714,19.0,13.0,0.23732476343359826,pool
111.0,120.0,68.6831198933883,30.0,17.0,0.5191355062342806,game_room
30.0,117.0,78.3891948611205,18.0,13.0,0.642688721017344,game_room
72.0,116.0,71.89014793690654,27.0,420.0,0.4038264516559326,lobby
38.0,119.0,82.85543660566513,24.0,16.0,0.46320796511426227,pool
81.0,106.0,74.9153186586934,25.0,16.0,0.33513250877894213,pool
29.0,115.0,84.61547237716465,10.0,9.0,0.2097083454145388,pool
98.0,105.0,68.02754608026886,29.0,17.0,0.8568638711082475,lobby
26.0,112.0,79.30748216558035,27.0,11.0,0.7822358257026838,game_room
50.0,107.0,71.20241399314276,41.0,20.0,0.3305850558807171,pool
178.0,114.0,64.2881423032729,31.0,11.0,0.5424108624182644,game_room
32.0,107.0,74.2826151833388,42.0,20.0,0.7426768286371961,game_room
81.0,103.0,75.21979914444249,27.0,12.0,0.5253094199441162,pool
59.0,110.0,78.75926563998651,32.0,15.0,0.509316405154794,pool
201.0,106.0,54.33390501390454,46.0,24.0,0.39599480384216096,lobby
100.0,118.0,67.6504383803644,26.0,11.0,0.39913062643693625,game_room
16.0,115.0,96.25921434237176,13.0,10.0,0.25889603136713074,game_room
253.0,115.0,60.25929343134414,44.0,20.0,0.7293426502296345,lobby
154.0,112.0,68.75141634569779,36.0,21.0,0.9051196086703235,game_room
88.0,111.0,61.76932761718478,33.0,19.0,0.7614219716109651,lobby
56.0,114.0,80.38020966387832,18.0,10.0,0.403416547391976,pool
15.0,102.0,87.41456391700217,25.0,13.0,0.40186734866008494,pool
12.0,100.0,99.3185877283494,10.0,8.0,0.5941836940704261,game_room
25.0,110.0,78.07917946473307,20.0,16.0,0.7421609615534597,lobby
232.0,113.0,60.40462515084079,34.0,14.0,0.9362816164871013,game_room
24.0,100.0,81.77518447456174,14.0,7.0,0.18657474504601917,pool
13.0,105.0,94.34211715979107,22.0,9.0,0.555598015786493,lobby
131.0,106.0,67.84228171407219,27.0,15.0,0.8933100788317141,game_room
99.0,112.0,69.89122258050543,32.0,16.0,0.8322187488135746,game_room
27.0,119.0,80.82694413439506,16.0,9.0,0.6509126712386739,game_room
74.0,111.0,64.98221489957433,33.0,15.0,0.7040115975929504,pool
18.0,111.0,81.14748565943137,26.0,16.0,0.5894699306936715,lobby
16.0,116.0,84.6144941680268,20.0,13.0,0.6136988268007444,pool
21.0,101.0,83.16063882686508,19.0,13.0,0.39808704105476106,lobby
30.0,106.0,73.75376833879646,30.0,17.0,0.654270654292608,game_room
16.0,100.0,96.368281363558,7.0,5.0,0.3410696831743954,lobby
104.0,116.0,70.00980779362817,30.0,18.0,0.8528998197024367,lobby
110.0,102.0,71.90679470912147,26.0,13.0,0.46352739237228374,pool
19.0,111.0,84.06492421611294,18.0,6.0,0.33583353827850665,pool
186.0,112.0,63.91440953447109,39.0,16.0,0.5066411457402733,lobby
36.0,117.0,85.17524781613281,12.0,10.0,0.22667175710202286,pool
117.0,108.0,67.58244579383918,31.0,12.0,0.7516696560079748,lobby
53.0,112.0,78.53606209146875,30.0,12.0,0.6033756127673058,game_room
11.0,114.0,103.4453540737338,8.0,11.0,0.4262976829941277,pool
16.0,115.0,85.2675267095389,16.0,7.0,0.14378501539740768,pool
10.0,113.0,166.8959115672618,27.0,9.0,0.3285962149605928,pool
22.0,101.0,90.90831514661757,19.0,9.0,0.7977448936362144,game_room
22.0,107.0,92.17840214713422,20.0,8.0,0.57627527332169,pool
23.0,117.0,77.71336053155483,24.0,16.0,0.676657877339151,lobby
108.0,107.0,61.04997536739353,38.0,17.0,0.45885787955907026,game_room
32.0,104.0,75.01849568874687,19.0,8.0,0.356082147809664,game_room
64.0,103.0,77.80301559430539,25.0,15.0,0.8676365819023109,game_room
14.0,120.0,92.15184576627723,19.0,11.0,0.5147068314454897,pool
33.0,119.0,87.80276527845135,18.0,7.0,0.3185002263896361,lobby
